Name,"Short Name"
"Tropezia Palace",tropeziapalace
"Mummys Gold",mummysgold
"Buck & Butler",buckbutler
"Amsterdams Casino",amsterdams
"Frank Casino",frankcasino
SverigeKronan,sverigekronan
Redbet,redbet
"Prime Slots",primeslots
Spilleren,spilleren
Bethard,bethard
Betser,betser
"Casino Calzone",casinocalzone
Karamba,karamba
"Larry Casino",larrycasino
NorgesCasino,norgescasino
"Norske Automater",norskeautomater
OlyBet,olybet
PlayHippo,playhippo
"Royal Panda",royalpanda
Wunderino,wunderino
CasinoEuro,casinoeuro
Spintastic,spintastic
Codeta,codeta
Cashmio,cashmio
"Mucho Vegas",muchovegas
"Mr Win",mrwin
"Jackpot Knights",jackpotknights
"Miami Dice",miamidice
Cashiopeia,cashiopeia
"Voodoo Dreams",voodoodreams
"Metal Casino",metal
"Unique Casino",uniquecasino
"Shadow Bet",shadowbet
Snabbare,snabbare
PAF,paf
"Chance Hill",chancehill
"Vegas Hero",vegashero
Wixstars,wixstars
"Mr Play",mrplay
"Twin Casino",twincasino
Reeltastic,reeltastic
"Casino Cruise",casinocruise
Casinoland,casinoland
"Kaboo Casino",kaboo
Casimba,casimba
SveaCasino,sveacasino
EuroLotto,eurolotto
LuckyDino,luckydino
"Monte-Carlo Casino",montecarlo
SverigeCasino,sverigecasino
"Maria Casino",maria
"Omnia Casino",omniacasino
"Rizk Casino",rizk
EnergyCasino,energycasino
"888 Casino",888casino
Storspelare,storspelare
LeoVegas,leovegas
PlayOjo,playojo
"Casino And Friends",casinoandfriends
Casino.com,casinocom
CasinoLuck,casinoluck
LetsBet,letsbet
iGame,igame
InstaCasino,instacasino
"Magic Red",magicred
"Play Club",playclub
"Gem Slots",gemslots
Spinit,spinit
Betway,betway
"Spin Station",spinstation
PlayFrank,playfrank
Luckland,luckland
CasinoPop,casinopop
"BGO Casino",bgo
"Vinnare Casino",vinnarecasino
"Casino Jefe",casinojefe
"Vera & John",verajohn
"Thrills Casino",thrills
Unibet,unibet
Slotsons,slotsons
Betsafe,betsafe
Betsson,betsson
"Casino Heroes",casinoheroes
Casumo,casumo
"Mr Green",mrgreen
SlotsMillion,slotsmillion
"Wild Wins",wildwins
"Dream Vegas",dreamvegas
"Cherry Casino",cherrycasino
Vinnarum,vinnarum
"GoWild casino",gowild
"Joreels Casino",joreels
JackpotCity,jackpotcity
Ladbrokes,ladbrokes
"Svedala Casino",svedalacasino
Spinland,spinland
"Bob Casino",bobcasino
Playamo,playamo
VideoSlots,videoslots
"Frank & Fred",frankfred
Rolla,rolla
Mobil6000,mobil6000
"Just Casino",justcasino
"Planet Fruity",planetfruity
Slotsino,slotsino
CasinoGB,casinogb
NYspins,nyspins
NordicBet,nordicbet
"Genesis Casino",genesis
22BET,22bet
10Bet,10bet
EuroSlots,euroslots
"La Fiesta",lafiesta
"Spin Rider",spinrider
SuperLenny,superlenny
"Ikibu Casino",ikibu
Dunder,dunder
Sloty,sloty
"Slots Magic",slotsmagic
Highroller,highroller
Lapalingo,lapalingo
"Cabaret Club",cabaretclub
"Cadoola Casino",cadoolacasino
Spinson,spinson
CasinoCasino,casinocasino
"32Red Casino",32red
"Yako Casino",yakocasino
EUcasino,eucasino
"Vinnare Casino",vinnare
"Spin Palace",spinpalace
Sparkleslots,sparkleslots
Bluefox,bluefox
"Goliath Casino",goliathcasino
"Agent Spinner",agentspinner
"Fun Casino",funcasino
Betspin,betspin
CasinoRoom,casinoroom
"Guts Casino",guts
777,777com
DrückGlück,drueckglueck
"Vegas Casino",vegascasino
"Karl Casino",karlcasino
"7 Gods",7gods
"Buran Casino",burancasino
"Ninja Casino",ninjacasino
Casinostugan,casinostugan
Mobilautomaten,mobilautomaten
Folkeautomaten,folkeautomaten
mobilbet,mobilbet
ComeOn!,comeon
"Get Lucky",getlucky
Mobilebet,mobilebet
"Alf Casino",alfcasino
CampeonBet,campeonbet
Chanz,chanz
"Speedy Casino",speedycasino
Brightstar,brightstar
"Hajper Casino",hajper
Sverigeautomaten,sverigeautomaten
Legolas,legolas
"Euro Palace",europalace
"Red Spins",redspins
"Bonanza Game",bonanzagame
"Zodiac Casino",zodiac
"BoaBoa Casino",boaboacasino
"King Billy Casino",kingbilly
21.com,21com
"Dreamz Casino",dreamz
Duelz,duelzcasino
"Casino Club",casinoclub
Betfair,betfair
Spela,spela
"Ahti Casino",ahticasino
"Barbados Casino",barbados
"Casino Superlines",superlines
Spellandet,spellandet
Betreels,betreels
MyChance,mychance
"Kahuna Casino",kahuna
"Casino Joy",casinojoy
"Vegas Baby",vegasbaby
"The Gold Lounge",cheekyriches
"No Account Casino",noaccountcasino
Bitstarz,bitstarz
TempleNile,templenile
"Bajungo Casino",bajungo
"Premier Live Casino",premierlivecasino
EvoBet,evobet
Svenbet,svenbet
"Royal Vegas",royalvegas
"Roxy Palace",roxypalace
"River Belle",riverbelle
"Casino Red Kings",redkings
"Platinum Play Casino",platinumplay
"Ruby Fortune",rubyfortune
"Untold Casino",untold
"Casino Big Apple",bigapple
Mansion,mansion
"LuckyNiki Casino",luckyniki
"Kaiser Slots Casino",kaiserslots
InterCasino,intercasino
"LVbet Casino",lvbet
Vulkanbet,vulkanbet
Spinia,spiniacasino
Schnellwetten,schnellwetten
"Prank Casino",prankcasino
GutsXpress,gutsxpress
Librabet,librabet
"Karjala Kasino",karjalakasino
"Playzee Casino",playzee
Pelaa,pelaa
Wishmaker,wishmaker
"Casiplay Casino",casiplay
"Hyper Casino",hyper
FastBet,fastbet
Pixel.bet,pixelbet
"Spin Station X",spinstationx
Expekt,expekt
"GoGo Casino",gogo_casino
"MamaMia Bingo",mamamia
Bingo.com,bingocom
"Bertil Casino",bertil
"Lucky Casino",luckycasino
"Hello Casino",hellocasino
"Happy Hugo",happyhugo
Gratorama,gratorama
Fantasino,fantasino
Casilando,casilando
"21 Casino",21casino
WinsPark,winspark
"Gale & Martin",gale__martin
"vegas paradise",vegasparadise
"Madame Chance",madamechance
Multilotto,multilotto
"Yeti Casino",yeti
Lottoland,lottoland
AhaBingo,ahabingo
SwedenCasino,swedencasino
MoboCasino,mobocasino
Casonic,casonic
Bet365,bet365
"Anna Casino",annacasino
Turbico,turbicocasino
"Mango Casino",mangocasino
TurboVegas,turbovegas
"Casino Gods",casinogods
"Casino Royale500",royale500
InAndOutBet,inout_bet
NoAccountBet,noaccountbet
Gate777,gate777
LegolasBet,casino_legolasbet
"Gday casino",gday_casino
SpeedyBet,speedybet
Coolbet,coolbet
"William Hill",williamhill
Superlottoclub,superlottoclub
"Hopa Casino",hopa
NightRush,nightrush
"Nano casino",nano_casino
"In&Out Casino",inout_casino
Svenplay,svenplay
"No Bonus Casino",nobonuscasino
